[
      {
        "mode": "NULLABLE", 
        "name": "FL_DATE", 
        "type": "DATE"
      }, 
      {
        "mode": "NULLABLE", 
        "name": "UNIQUE_CARRIER", 
        "type": "STRING"
      }, 
      {
        "mode": "NULLABLE", 
        "name": "AIRLINE_ID", 
        "type": "STRING"
      }, 
      {
        "mode": "NULLABLE", 
        "name": "CARRIER", 
        "type": "STRING"
      }, 
      {
        "mode": "NULLABLE", 
        "name": "FL_NUM", 
        "type": "STRING"
      }, 
      {
        "mode": "NULLABLE", 
        "name": "ORIGIN_AIRPORT_ID", 
        "type": "STRING"
      }, 
      {
        "mode": "NULLABLE", 
        "name": "ORIGIN_AIRPORT_SEQ_ID", 
        "type": "INTEGER"
      }, 
      {
        "mode": "NULLABLE", 
        "name": "ORIGIN_CITY_MARKET_ID", 
        "type": "STRING"
      }, 
      {
        "mode": "NULLABLE", 
        "name": "ORIGIN", 
        "type": "STRING"
      }, 
      {
        "mode": "NULLABLE", 
        "name": "DEST_AIRPORT_ID", 
        "type": "STRING"
      }, 
      {
        "mode": "NULLABLE", 
        "name": "DEST_AIRPORT_SEQ_ID", 
        "type": "INTEGER"
      }, 
      {
        "mode": "NULLABLE", 
        "name": "DEST_CITY_MARKET_ID", 
        "type": "STRING"
      }, 
      {
        "mode": "NULLABLE", 
        "name": "DEST", 
        "type": "STRING"
      }, 
      {
        "mode": "NULLABLE", 
        "name": "CRS_DEP_TIME", 
        "type": "TIMESTAMP"
      }, 
      {
        "mode": "NULLABLE", 
        "name": "DEP_TIME", 
        "type": "TIMESTAMP"
      }, 
      {
        "mode": "NULLABLE", 
        "name": "DEP_DELAY", 
        "type": "FLOAT"
      }, 
      {
        "mode": "NULLABLE", 
        "name": "TAXI_OUT", 
        "type": "FLOAT"
      }, 
      {
        "mode": "NULLABLE", 
        "name": "WHEELS_OFF", 
        "type": "TIMESTAMP"
      }, 
      {
        "mode": "NULLABLE", 
        "name": "WHEELS_ON", 
        "type": "TIMESTAMP"
      }, 
      {
        "mode": "NULLABLE", 
        "name": "TAXI_IN", 
        "type": "FLOAT"
      }, 
      {
        "mode": "NULLABLE", 
        "name": "CRS_ARR_TIME", 
        "type": "TIMESTAMP"
      }, 
      {
        "mode": "NULLABLE", 
        "name": "ARR_TIME", 
        "type": "TIMESTAMP"
      }, 
      {
        "mode": "NULLABLE", 
        "name": "ARR_DELAY", 
        "type": "FLOAT"
      }, 
      {
        "mode": "NULLABLE", 
        "name": "CANCELLED", 
        "type": "STRING"
      }, 
      {
        "mode": "NULLABLE", 
        "name": "CANCELLATION_CODE", 
        "type": "STRING"
      }, 
      {
        "mode": "NULLABLE", 
        "name": "DIVERTED", 
        "type": "STRING"
      }, 
      {
        "mode": "NULLABLE", 
        "name": "DISTANCE", 
        "type": "FLOAT"
      }, 
      {
        "mode": "NULLABLE", 
        "name": "DEP_AIRPORT_LAT", 
        "type": "FLOAT"
      }, 
      {
        "mode": "NULLABLE", 
        "name": "DEP_AIRPORT_LON", 
        "type": "FLOAT"
      }, 
      {
        "mode": "NULLABLE", 
        "name": "DEP_AIRPORT_TZOFFSET", 
        "type": "FLOAT"
      }, 
      {
        "mode": "NULLABLE", 
        "name": "ARR_AIRPORT_LAT", 
        "type": "FLOAT"
      }, 
      {
        "mode": "NULLABLE", 
        "name": "ARR_AIRPORT_LON", 
        "type": "FLOAT"
      }, 
      {
        "mode": "NULLABLE", 
        "name": "ARR_AIRPORT_TZOFFSET", 
        "type": "FLOAT"
      }
]
