[
      {
        "mode": "NULLABLE", 
        "name": "ONTIME", 
        "type": "FLOAT"
      }, 
      {
        "mode": "NULLABLE", 
        "name": "DEP_DELAY", 
        "type": "FLOAT"
      }, 
      {
        "mode": "NULLABLE", 
        "name": "TAXIOUT", 
        "type": "FLOAT"
      }, 
      {
        "mode": "NULLABLE", 
        "name": "DISTANCE", 
        "type": "FLOAT"
      }, 
      {
        "mode": "NULLABLE", 
        "name": "AVG_DEP_DELAY", 
        "type": "FLOAT"
      }, 
      {
        "mode": "NULLABLE", 
        "name": "AVG_ARR_DELAY", 
        "type": "FLOAT"
      }, 
      {
        "mode": "NULLABLE", 
        "name": "CARRIER", 
        "type": "STRING"
      }, 
      {
        "mode": "NULLABLE", 
        "name": "DEP_LAT", 
        "type": "FLOAT"
      }, 
      {
        "mode": "NULLABLE", 
        "name": "DEP_LON", 
        "type": "FLOAT"
      }, 
      {
        "mode": "NULLABLE", 
        "name": "ARR_LAT", 
        "type": "FLOAT"
      }, 
      {
        "mode": "NULLABLE", 
        "name": "ARR_LON", 
        "type": "FLOAT"
      }, 
      {
        "mode": "NULLABLE", 
        "name": "ORIGIN", 
        "type": "STRING"
      }, 
      {
        "mode": "NULLABLE", 
        "name": "DEST", 
        "type": "STRING"
      } 
]
